status,source,model,prediction,metrics,association,report,features,reason,log,report_basename
saved,official-nnunet,C:\lijialin\models3d\nnUNet\nnUNet_results\Dataset501_StrokeLesion\nnUNetTrainer__nnUNetPlans__2d,C:\lijialin\models3d\nnUNet\nnUNet_results\Dataset501_StrokeLesion\nnUNetTrainer__nnUNetPlans__2d\fold_0\validation,C:\lijialin\models3d\nnUNet\nnUNet_results\Dataset501_StrokeLesion\nnUNetTrainer__nnUNetPlans__2d\fold_0\multi_metric_evaluation,specific name / exact CSV prediction paths; provenance unverified,C:\lijialin\models3d\nnUNet\batch_reports_dataset501_v2\001_nnUNetTrainer__nnUNetPlans__2d_validation_0efac71162,not requested,saved-only report complete; clinical metrics reused,C:\lijialin\models3d\nnUNet\batch_reports_dataset501_v2\logs\job_001.log,001_nnUNetTrainer__nnUNetPlans__2d_validation_0efac71162
saved,official-nnunet,C:\lijialin\models3d\nnUNet\nnUNet_results\Dataset501_StrokeLesion\nnUNetTrainerForeground50__nnUNetPlans__2d,C:\lijialin\models3d\nnUNet\nnUNet_results\Dataset501_StrokeLesion\nnUNetTrainerForeground50__nnUNetPlans__2d\fold_0\validation,C:\lijialin\models3d\nnUNet\nnUNet_results\Dataset501_StrokeLesion\nnUNetTrainerForeground50__nnUNetPlans__2d\fold_0\multi_metric_evaluation,specific name / exact CSV prediction paths; provenance unverified,C:\lijialin\models3d\nnUNet\batch_reports_dataset501_v2\003_nnUNetTrainerForeground50__nnUNetPlans__2d_validation_4a1958f411,not requested,saved-only report complete; clinical metrics reused,C:\lijialin\models3d\nnUNet\batch_reports_dataset501_v2\logs\job_003.log,003_nnUNetTrainerForeground50__nnUNetPlans__2d_validation_4a1958f411
saved,official-nnunet,C:\lijialin\models3d\nnUNet\nnUNet_results\Dataset501_StrokeLesion\nnUNetTrainerForeground50DetailRefine__nnUNetPlans__2d,C:\lijialin\models3d\nnUNet\nnUNet_results\Dataset501_StrokeLesion\nnUNetTrainerForeground50DetailRefine__nnUNetPlans__2d\fold_0\validation,C:\lijialin\models3d\nnUNet\nnUNet_results\Dataset501_StrokeLesion\nnUNetTrainerForeground50DetailRefine__nnUNetPlans__2d\fold_0\multi_metrics,specific name / exact CSV prediction paths; provenance unverified,C:\lijialin\models3d\nnUNet\batch_reports_dataset501_v2\004_nnUNetTrainerForeground50DetailRefine__nnUNetPlans__2d_validation_9af122a4f9,not requested,saved-only report complete; clinical metrics reused,C:\lijialin\models3d\nnUNet\batch_reports_dataset501_v2\logs\job_004.log,004_nnUNetTrainerForeground50DetailRefine__nnUNetPlans__2d_validation_9af122a4f9
saved,official-nnunet,C:\lijialin\models3d\nnUNet\nnUNet_results\Dataset501_StrokeLesion\nnUNetTrainerGroupedTopK10__nnUNetPlans__2d,C:\lijialin\models3d\nnUNet\nnUNet_results\Dataset501_StrokeLesion\nnUNetTrainerGroupedTopK10__nnUNetPlans__2d\fold_0\validation,C:\lijialin\models3d\nnUNet\nnUNet_results\Dataset501_StrokeLesion\nnUNetTrainerGroupedTopK10__nnUNetPlans__2d\fold_0\multi_metrics,specific name / exact CSV prediction paths; provenance unverified,C:\lijialin\models3d\nnUNet\batch_reports_dataset501_v2\005_nnUNetTrainerGroupedTopK10__nnUNetPlans__2d_validation_6a4afb7e35,not requested,saved-only report complete; clinical metrics reused,C:\lijialin\models3d\nnUNet\batch_reports_dataset501_v2\logs\job_005.log,005_nnUNetTrainerGroupedTopK10__nnUNetPlans__2d_validation_6a4afb7e35
saved,official-nnunet,C:\lijialin\models3d\nnUNet\nnUNet_results\Dataset501_StrokeLesion\nnUNetTrainerTopK10__nnUNetPlans__2d,C:\lijialin\models3d\nnUNet\nnUNet_results\Dataset501_StrokeLesion\nnUNetTrainerTopK10__nnUNetPlans__2d\fold_0\validation,C:\lijialin\models3d\nnUNet\nnUNet_results\Dataset501_StrokeLesion\nnUNetTrainerTopK10__nnUNetPlans__2d\fold_0\multi_metric_evaluation,specific name / exact CSV prediction paths; provenance unverified,C:\lijialin\models3d\nnUNet\batch_reports_dataset501_v2\006_nnUNetTrainerTopK10__nnUNetPlans__2d_validation_e9474f5005,not requested,saved-only report complete; clinical metrics reused,C:\lijialin\models3d\nnUNet\batch_reports_dataset501_v2\logs\job_006.log,006_nnUNetTrainerTopK10__nnUNetPlans__2d_validation_e9474f5005
saved,official-nnunet,C:\lijialin\models3d\nnUNet\nnUNet_results\Dataset501_StrokeLesion\nnUNetTrainerUPerNetEarlyStopping__nnUNetPlans__2d,C:\lijialin\models3d\nnUNet\nnUNet_results\Dataset501_StrokeLesion\nnUNetTrainerUPerNetEarlyStopping__nnUNetPlans__2d\fold_0\validation,C:\lijialin\models3d\nnUNet\nnUNet_results\Dataset501_StrokeLesion\nnUNetTrainerUPerNetEarlyStopping__nnUNetPlans__2d\fold_0\multi_metrics,specific name / exact CSV prediction paths; provenance unverified,C:\lijialin\models3d\nnUNet\batch_reports_dataset501_v2\008_nnUNetTrainerUPerNetEarlyStopping__nnUNetPlans__2d_validation_ffb6f5a26a,not requested,saved-only report complete; clinical metrics reused,C:\lijialin\models3d\nnUNet\batch_reports_dataset501_v2\logs\job_008.log,008_nnUNetTrainerUPerNetEarlyStopping__nnUNetPlans__2d_validation_ffb6f5a26a
saved,official-nnunet,C:\lijialin\models3d\nnUNet\nnUNet_results\Dataset501_StrokeLesion\nnUNetTrainerUPerNetTopK10EarlyStopping__nnUNetPlans__2d,C:\lijialin\models3d\nnUNet\nnUNet_results\Dataset501_StrokeLesion\nnUNetTrainerUPerNetTopK10EarlyStopping__nnUNetPlans__2d\fold_0\validation,C:\lijialin\models3d\nnUNet\nnUNet_results\Dataset501_StrokeLesion\nnUNetTrainerUPerNetTopK10EarlyStopping__nnUNetPlans__2d\fold_0\multi_metrics,specific name / exact CSV prediction paths; provenance unverified,C:\lijialin\models3d\nnUNet\batch_reports_dataset501_v2\009_nnUNetTrainerUPerNetTopK10EarlyStopping__nnUNetPlans__2d_validation_4d39105977,not requested,saved-only report complete; clinical metrics reused,C:\lijialin\models3d\nnUNet\batch_reports_dataset501_v2\logs\job_009.log,009_nnUNetTrainerUPerNetTopK10EarlyStopping__nnUNetPlans__2d_validation_4d39105977
saved,official-nnunet,C:\lijialin\models3d\nnUNet\nnUNet_results_ISLES508_pretrained_ES\Dataset501_StrokeLesion\nnUNetTrainerPlainConvDepthTopK10EarlyStopping__nnUNetPlansPlainConvDepth__2d_stage5,C:\lijialin\models3d\nnUNet\nnUNet_results_ISLES508_pretrained_ES\Dataset501_StrokeLesion\nnUNetTrainerPlainConvDepthTopK10EarlyStopping__nnUNetPlansPlainConvDepth__2d_stage5\fold_0\validation,C:\lijialin\models3d\nnUNet\nnUNet_results_ISLES508_pretrained_ES\多标准\plainconv_stage5_topk10_es_fold0_20261004,"explicit --metrics-map; caller association, provenance unverified",C:\lijialin\models3d\nnUNet\batch_reports_dataset501_v2\010_nnUNetTrainerPlainConvDepthTopK10EarlyStopping__nnUNetPlansPlainC_validation_7d2e231c5c,not requested,saved-only report complete; clinical metrics reused,C:\lijialin\models3d\nnUNet\batch_reports_dataset501_v2\logs\job_010.log,010_nnUNetTrainerPlainConvDepthTopK10EarlyStopping__nnUNetPlansPlainC_validation_7d2e231c5c
saved,official-nnunet,C:\lijialin\models3d\nnUNet\nnUNet_results_ISLES508_pretrained_ES\Dataset501_StrokeLesion\nnUNetTrainerPlainConvDepthTopK10EarlyStopping__nnUNetPlansPlainConvDepth__2d_stage6,C:\lijialin\models3d\nnUNet\nnUNet_results_ISLES508_pretrained_ES\Dataset501_StrokeLesion\nnUNetTrainerPlainConvDepthTopK10EarlyStopping__nnUNetPlansPlainConvDepth__2d_stage6\fold_0\validation,C:\lijialin\models3d\nnUNet\nnUNet_results_ISLES508_pretrained_ES\多标准\plainconv_stage6_topk10_es_fold0_20261004,"explicit --metrics-map; caller association, provenance unverified",C:\lijialin\models3d\nnUNet\batch_reports_dataset501_v2\011_nnUNetTrainerPlainConvDepthTopK10EarlyStopping__nnUNetPlansPlainC_validation_19a210c24c,not requested,saved-only report complete; clinical metrics reused,C:\lijialin\models3d\nnUNet\batch_reports_dataset501_v2\logs\job_011.log,011_nnUNetTrainerPlainConvDepthTopK10EarlyStopping__nnUNetPlansPlainC_validation_19a210c24c
saved,official-nnunet,C:\lijialin\models3d\nnUNet\nnUNet_results_ISLES508_pretrained_ES\Dataset501_StrokeLesion\nnUNetTrainerTopK10EarlyStopping__nnUNetPlans__2d,C:\lijialin\models3d\nnUNet\nnUNet_results_ISLES508_pretrained_ES\Dataset501_StrokeLesion\nnUNetTrainerTopK10EarlyStopping__nnUNetPlans__2d\fold_0\validation,C:\lijialin\models3d\nnUNet\nnUNet_results\多标准\ISLES508_pretrained_TopK10_ES_fold0_counts,"explicit --metrics-map; caller association, provenance unverified",C:\lijialin\models3d\nnUNet\batch_reports_dataset501_v2\012_nnUNetTrainerTopK10EarlyStopping__nnUNetPlans__2d_validation_7cb4f035db,not requested,saved-only report complete; clinical metrics reused,C:\lijialin\models3d\nnUNet\batch_reports_dataset501_v2\logs\job_012.log,012_nnUNetTrainerTopK10EarlyStopping__nnUNetPlans__2d_validation_7cb4f035db
saved,official-nnunet,C:\lijialin\models3d\nnUNet\nnUNet_results_ISLES508_pretrained_ES\Dataset501_StrokeLesion\nnUNetTrainerUPerNetNoStage7TopK10EarlyStopping__nnUNetPlans__2d,C:\lijialin\models3d\nnUNet\nnUNet_results_ISLES508_pretrained_ES\Dataset501_StrokeLesion\nnUNetTrainerUPerNetNoStage7TopK10EarlyStopping__nnUNetPlans__2d\fold_0\validation,C:\lijialin\models3d\nnUNet\nnUNet_results_ISLES508_pretrained_ES\多标准\upernet_no_stage7_topk10_fold0_20261004,"explicit --metrics-map; caller association, provenance unverified",C:\lijialin\models3d\nnUNet\batch_reports_dataset501_v2\013_nnUNetTrainerUPerNetNoStage7TopK10EarlyStopping__nnUNetPlans__2d_validation_471c508fe2,not requested,saved-only report complete; clinical metrics reused,C:\lijialin\models3d\nnUNet\batch_reports_dataset501_v2\logs\job_013.log,013_nnUNetTrainerUPerNetNoStage7TopK10EarlyStopping__nnUNetPlans__2d_validation_471c508fe2
saved,official-nnunet,C:\lijialin\models3d\nnUNet\nnUNet_results_ISLES508_pretrained_ES\Dataset501_StrokeLesion\nnUNetTrainerUPerNetSelectedStagesTopK10EarlyStopping__nnUNetPlansUPerNetStages_s2345__2d,C:\lijialin\models3d\nnUNet\nnUNet_results_ISLES508_pretrained_ES\Dataset501_StrokeLesion\nnUNetTrainerUPerNetSelectedStagesTopK10EarlyStopping__nnUNetPlansUPerNetStages_s2345__2d\fold_0\validation,C:\lijialin\models3d\nnUNet\nnUNet_results_ISLES508_pretrained_ES\多标准\UPerNet_s2345_fold0_validation_20261005,"explicit --metrics-map; caller association, provenance unverified",C:\lijialin\models3d\nnUNet\batch_reports_dataset501_v2\014_nnUNetTrainerUPerNetSelectedStagesTopK10EarlyStopping__nnUNetPlan_validation_4db95da349,not requested,saved-only report complete; clinical metrics reused,C:\lijialin\models3d\nnUNet\batch_reports_dataset501_v2\logs\job_014.log,014_nnUNetTrainerUPerNetSelectedStagesTopK10EarlyStopping__nnUNetPlan_validation_4db95da349
saved,standalone-h2former,C:\lijialin\models3d\nnUNet\nnUNet_results\Dataset501_StrokeLesion\H2Former_fold0_bs4_adamw,C:\lijialin\models3d\nnUNet\nnUNet_results\Dataset501_StrokeLesion\H2Former_fold0_bs4_adamw\full_volume_predictions_best\predictions,C:\lijialin\models3d\nnUNet\nnUNet_results\Dataset501_StrokeLesion\H2Former_fold0_bs4_adamw\full_volume_metrics_best,specific name / exact CSV prediction paths; provenance unverified,C:\lijialin\models3d\nnUNet\batch_reports_dataset501_v2\016_H2Former_fold0_bs4_adamw_full_volume_predictions_best_a5ba2733d4,not requested,saved-only report complete; clinical metrics reused,C:\lijialin\models3d\nnUNet\batch_reports_dataset501_v2\logs\job_016.log,016_H2Former_fold0_bs4_adamw_full_volume_predictions_best_a5ba2733d4
saved,standalone-h2former,C:\lijialin\models3d\nnUNet\nnUNet_results\Dataset501_StrokeLesion\H2Former_fold0_bs4_adamw,C:\lijialin\models3d\nnUNet\nnUNet_results\Dataset501_StrokeLesion\H2Former_fold0_bs4_adamw\full_volume_predictions_latest\predictions,C:\lijialin\models3d\nnUNet\nnUNet_results\Dataset501_StrokeLesion\H2Former_fold0_bs4_adamw\full_volume_metrics_latest,specific name / exact CSV prediction paths; provenance unverified,C:\lijialin\models3d\nnUNet\batch_reports_dataset501_v2\017_H2Former_fold0_bs4_adamw_full_volume_predictions_latest_0f92d83f65,not requested,saved-only report complete; clinical metrics reused,C:\lijialin\models3d\nnUNet\batch_reports_dataset501_v2\logs\job_017.log,017_H2Former_fold0_bs4_adamw_full_volume_predictions_latest_0f92d83f65
saved,standalone-h2former,C:\lijialin\models3d\nnUNet\nnUNet_results\Dataset501_StrokeLesion\H2Former_fold0_bs4_preprocessed,C:\lijialin\models3d\nnUNet\nnUNet_results\Dataset501_StrokeLesion\H2Former_fold0_bs4_preprocessed\full_volume_predictions_best1000\predictions,C:\lijialin\models3d\nnUNet\nnUNet_results\Dataset501_StrokeLesion\H2Former_fold0_bs4_preprocessed\full_volume_metrics_best1000,specific name / exact CSV prediction paths; provenance unverified,C:\lijialin\models3d\nnUNet\batch_reports_dataset501_v2\018_H2Former_fold0_bs4_preprocessed_full_volume_predictions_best1000_63a02fc4ac,not requested,saved-only report complete; clinical metrics reused,C:\lijialin\models3d\nnUNet\batch_reports_dataset501_v2\logs\job_018.log,018_H2Former_fold0_bs4_preprocessed_full_volume_predictions_best1000_63a02fc4ac
saved,standalone-h2former,C:\lijialin\models3d\nnUNet\nnUNet_results\Dataset501_StrokeLesion\H2Former_fold0_bs4_preprocessed,C:\lijialin\models3d\nnUNet\nnUNet_results\Dataset501_StrokeLesion\H2Former_fold0_bs4_preprocessed\full_volume_predictions_latest1000\predictions,C:\lijialin\models3d\nnUNet\nnUNet_results\Dataset501_StrokeLesion\H2Former_fold0_bs4_preprocessed\full_volume_metrics_latest1000,specific name / exact CSV prediction paths; provenance unverified,C:\lijialin\models3d\nnUNet\batch_reports_dataset501_v2\022_H2Former_fold0_bs4_preprocessed_full_volume_predictions_latest1000_c96650133e,not requested,saved-only report complete; clinical metrics reused,C:\lijialin\models3d\nnUNet\batch_reports_dataset501_v2\logs\job_022.log,022_H2Former_fold0_bs4_preprocessed_full_volume_predictions_latest1000_c96650133e
saved,standalone-h2former,C:\lijialin\models3d\nnUNet\nnUNet_results\H2Former_LiteUPerNet_AdamW_EarlyStop_bs4\fold_0,C:\lijialin\models3d\nnUNet\nnUNet_results\H2Former_LiteUPerNet_AdamW_EarlyStop_bs4\fold_0\best_prediction\predictions,C:\lijialin\models3d\nnUNet\nnUNet_results\H2Former_LiteUPerNet_AdamW_EarlyStop_bs4\fold_0\best_metrics,specific name / exact CSV prediction paths; provenance unverified,C:\lijialin\models3d\nnUNet\batch_reports_dataset501_v2\026_fold_0_best_prediction_11f0e1bbcc,not requested,saved-only report complete; clinical metrics reused,C:\lijialin\models3d\nnUNet\batch_reports_dataset501_v2\logs\job_026.log,026_fold_0_best_prediction_11f0e1bbcc
saved,standalone-h2former,C:\lijialin\models3d\nnUNet\nnUNet_results\H2Former_LiteUPerNet_AdamW_EarlyStop_bs4\fold_0,C:\lijialin\models3d\nnUNet\nnUNet_results\H2Former_LiteUPerNet_AdamW_EarlyStop_bs4\fold_0\latest_prediction\predictions,C:\lijialin\models3d\nnUNet\nnUNet_results\H2Former_LiteUPerNet_AdamW_EarlyStop_bs4\fold_0\latest_metrics,specific name / exact CSV prediction paths; provenance unverified,C:\lijialin\models3d\nnUNet\batch_reports_dataset501_v2\027_fold_0_latest_prediction_a6d858ac7f,not requested,saved-only report complete; clinical metrics reused,C:\lijialin\models3d\nnUNet\batch_reports_dataset501_v2\logs\job_027.log,027_fold_0_latest_prediction_a6d858ac7f
saved,standalone-h2former,C:\lijialin\models3d\nnUNet\nnUNet_results\H2Former_UPerNet_W128_PPM1236\fold_0,C:\lijialin\models3d\nnUNet\nnUNet_results\H2Former_UPerNet_W128_PPM1236\fold_0\full_volume_predictions_best\predictions,C:\lijialin\models3d\nnUNet\nnUNet_results\H2Former_UPerNet_W128_PPM1236\fold_0\full_volume_metrics_best,specific name / exact CSV prediction paths; provenance unverified,C:\lijialin\models3d\nnUNet\batch_reports_dataset501_v2\029_fold_0_full_volume_predictions_best_3720b1161c,not requested,saved-only report complete; clinical metrics reused,C:\lijialin\models3d\nnUNet\batch_reports_dataset501_v2\logs\job_029.log,029_fold_0_full_volume_predictions_best_3720b1161c
